{"cameraMode":{"drawMode":0,"name":"Shaded","section":"Shading Mode"},"sceneLighting":false,"audioPlay":false,"sceneViewState":{"showFog":true,"showMaterialUpdate":false,"showSkybox":false,"showFlares":true,"showImageEffects":true,"showParticleSystems":true,"showVisualEffectGraphs":true,"m_FxEnabled":false},"in2DMode":false,"pivot":{"x":-0.0021296427585184576,"y":-0.0025688204914331438,"z":0.0015101637691259385},"rotation":{"x":0.5585517287254334,"y":-0.1448308229446411,"z":0.09972680360078812,"w":0.810641884803772},"size":0.006141781806945801,"orthographic":false}