{"cameraMode":{"drawMode":0,"name":"Shaded","section":"Shading Mode"},"sceneLighting":false,"audioPlay":false,"sceneViewState":{"showFog":true,"showMaterialUpdate":false,"showSkybox":false,"showFlares":true,"showImageEffects":true,"showParticleSystems":true,"showVisualEffectGraphs":true,"m_FxEnabled":false},"in2DMode":false,"pivot":{"x":0.0018104487098753453,"y":0.00014304113574326038,"z":-0.00001728979987092316},"rotation":{"x":-0.5193807482719421,"y":-0.25919094681739809,"z":0.169146329164505,"w":-0.7966100573539734},"size":0.007212604396045208,"orthographic":false}