{"cameraMode":{"drawMode":0,"name":"Shaded","section":"Shading Mode"},"sceneLighting":true,"audioPlay":false,"sceneViewState":{"showFog":true,"showMaterialUpdate":false,"showSkybox":true,"showFlares":true,"showImageEffects":true,"showParticleSystems":true,"showVisualEffectGraphs":true,"m_FxEnabled":true},"in2DMode":false,"pivot":{"x":-0.07323157787322998,"y":3.4984288215637209,"z":0.6298935413360596},"rotation":{"x":-0.6606258749961853,"y":-0.014363818801939488,"z":0.012652073986828328,"w":-0.7504764795303345},"size":2.6086297035217287,"orthographic":false}