{"cameraMode":{"drawMode":0,"name":"Shaded","section":"Shading Mode"},"sceneLighting":false,"audioPlay":false,"sceneViewState":{"showFog":true,"showMaterialUpdate":false,"showSkybox":false,"showFlares":true,"showImageEffects":true,"showParticleSystems":true,"showVisualEffectGraphs":true,"m_FxEnabled":false},"in2DMode":false,"pivot":{"x":-0.0009537289151921868,"y":0.0010902060894295574,"z":0.0003740093670785427},"rotation":{"x":-0.047087203711271289,"y":-0.9478135704994202,"z":0.16691850125789643,"w":-0.2675837278366089},"size":0.007186522241681814,"orthographic":false}