{"cameraMode":{"drawMode":0,"name":"Shaded","section":"Shading Mode"},"sceneLighting":true,"audioPlay":false,"sceneViewState":{"showFog":true,"showMaterialUpdate":false,"showSkybox":true,"showFlares":true,"showImageEffects":true,"showParticleSystems":true,"showVisualEffectGraphs":true,"m_FxEnabled":false},"in2DMode":false,"pivot":{"x":317.71673583984377,"y":500.8677062988281,"z":957.1575317382813},"rotation":{"x":-0.02516843006014824,"y":0.03803432360291481,"z":0.0009241905063390732,"w":0.9989760518074036},"size":1733.3140869140625,"orthographic":false}