{"cameraMode":{"drawMode":0,"name":"Shaded","section":"Shading Mode"},"sceneLighting":true,"audioPlay":false,"sceneViewState":{"showFog":true,"showMaterialUpdate":false,"showSkybox":true,"showFlares":true,"showImageEffects":true,"showParticleSystems":true,"showVisualEffectGraphs":true,"m_FxEnabled":false},"in2DMode":false,"pivot":{"x":374.68927001953127,"y":11.95114803314209,"z":542.3682250976563},"rotation":{"x":0.013245685957372189,"y":0.8382374048233032,"z":-0.020381251350045205,"w":0.5447654128074646},"size":4.1635637283325199,"orthographic":false}