{"cameraMode":{"drawMode":0,"name":"Shaded","section":"Shading Mode"},"sceneLighting":true,"audioPlay":false,"sceneViewState":{"showFog":true,"showMaterialUpdate":false,"showSkybox":true,"showFlares":true,"showImageEffects":true,"showParticleSystems":true,"showVisualEffectGraphs":true,"m_FxEnabled":false},"in2DMode":false,"pivot":{"x":1099.699951171875,"y":31.23999786376953,"z":-2319.199951171875},"rotation":{"x":0.0014729882823303342,"y":-0.9969445466995239,"z":-0.019130947068333627,"w":-0.07588042318820954},"size":20.933300018310548,"orthographic":false}