{"cameraMode":{"drawMode":0,"name":"Shaded","section":"Shading Mode"},"sceneLighting":true,"audioPlay":false,"sceneViewState":{"showFog":true,"showMaterialUpdate":false,"showSkybox":true,"showFlares":true,"showImageEffects":true,"showParticleSystems":true,"showVisualEffectGraphs":true,"m_FxEnabled":false},"in2DMode":false,"pivot":{"x":1093.2376708984375,"y":33.602779388427737,"z":-2306.116455078125},"rotation":{"x":-0.18081995844841004,"y":0.2722335755825043,"z":-0.052132900804281238,"w":-0.9436651468276978},"size":14.037762641906739,"orthographic":false}