{"cameraMode":{"drawMode":0,"name":"Shaded","section":"Shading Mode"},"sceneLighting":true,"audioPlay":false,"sceneViewState":{"showFog":true,"showMaterialUpdate":false,"showSkybox":true,"showFlares":true,"showImageEffects":true,"showParticleSystems":true,"showVisualEffectGraphs":true,"m_FxEnabled":false},"in2DMode":false,"pivot":{"x":152.29196166992188,"y":67.80818176269531,"z":-107.03335571289063},"rotation":{"x":-0.11128293722867966,"y":0.13107745349407197,"z":-0.014813096262514592,"w":-0.9850075840950012},"size":127.75638580322266,"orthographic":false}