{"cameraMode":{"drawMode":0,"name":"Shaded","section":"Shading Mode"},"sceneLighting":true,"audioPlay":false,"sceneViewState":{"showFog":true,"showMaterialUpdate":false,"showSkybox":true,"showFlares":true,"showImageEffects":true,"showParticleSystems":true,"showVisualEffectGraphs":true,"m_FxEnabled":false},"in2DMode":false,"pivot":{"x":1099.8280029296875,"y":29.849367141723634,"z":-2316.724609375},"rotation":{"x":0.21901875734329225,"y":0.0029227191116660835,"z":-0.0006560655310750008,"w":0.9757163524627686},"size":2.977548837661743,"orthographic":false}