{"cameraMode":{"drawMode":0,"name":"Shaded","section":"Shading Mode"},"sceneLighting":true,"audioPlay":false,"sceneViewState":{"showFog":true,"showMaterialUpdate":false,"showSkybox":true,"showFlares":true,"showImageEffects":true,"showParticleSystems":true,"showVisualEffectGraphs":true,"m_FxEnabled":false},"in2DMode":false,"pivot":{"x":1100.870361328125,"y":31.192651748657228,"z":-2317.575927734375},"rotation":{"x":0.10784298926591873,"y":0.21684111654758454,"z":-0.024060823023319246,"w":0.9699704051017761},"size":10.674379348754883,"orthographic":false}