{"cameraMode":{"drawMode":0,"name":"Shaded","section":"Shading Mode"},"sceneLighting":true,"audioPlay":false,"sceneViewState":{"showFog":true,"showMaterialUpdate":false,"showSkybox":true,"showFlares":true,"showImageEffects":true,"showParticleSystems":true,"showVisualEffectGraphs":true,"m_FxEnabled":false},"in2DMode":false,"pivot":{"x":1409.6055908203125,"y":19.841066360473634,"z":-1874.5335693359375},"rotation":{"x":-0.12814535200595857,"y":-0.6170966625213623,"z":0.10275386273860932,"w":-0.7695651054382324},"size":13.447954177856446,"orthographic":false}