{"cameraMode":{"drawMode":0,"name":"Shaded","section":"Shading Mode"},"sceneLighting":true,"audioPlay":false,"sceneViewState":{"showFog":true,"showMaterialUpdate":false,"showSkybox":true,"showFlares":true,"showImageEffects":true,"showParticleSystems":true,"showVisualEffectGraphs":true,"m_FxEnabled":false},"in2DMode":false,"pivot":{"x":72.0185546875,"y":376.21282958984377,"z":955.673095703125},"rotation":{"x":0.0056860726326704029,"y":0.038085777312517169,"z":0.00021672033471986651,"w":-0.9992589950561523},"size":871.2470092773438,"orthographic":false}