{"cameraMode":{"drawMode":0,"name":"Shaded","section":"Shading Mode"},"sceneLighting":true,"audioPlay":false,"sceneViewState":{"showFog":true,"showMaterialUpdate":false,"showSkybox":true,"showFlares":true,"showImageEffects":true,"showParticleSystems":true,"showVisualEffectGraphs":true,"m_FxEnabled":false},"in2DMode":false,"pivot":{"x":372.66632080078127,"y":12.541038513183594,"z":542.6150512695313},"rotation":{"x":0.036414165049791339,"y":0.9051726460456848,"z":-0.07923159748315811,"w":0.41600823402404787},"size":4.499545574188232,"orthographic":false}