{"cameraMode":{"drawMode":0,"name":"Shaded","section":"Shading Mode"},"sceneLighting":true,"audioPlay":false,"sceneViewState":{"showFog":true,"showMaterialUpdate":false,"showSkybox":true,"showFlares":true,"showImageEffects":true,"showParticleSystems":true,"showVisualEffectGraphs":true,"m_FxEnabled":false},"in2DMode":false,"pivot":{"x":1391.5408935546875,"y":17.516128540039064,"z":-1845.6436767578125},"rotation":{"x":-0.21524500846862794,"y":0.4254530966281891,"z":-0.10493186116218567,"w":-0.8727250099182129},"size":37.614505767822269,"orthographic":false}