{"cameraMode":{"drawMode":0,"name":"Shaded","section":"Shading Mode"},"sceneLighting":false,"audioPlay":false,"sceneViewState":{"showFog":true,"showMaterialUpdate":false,"showSkybox":false,"showFlares":true,"showImageEffects":true,"showParticleSystems":true,"showVisualEffectGraphs":true,"m_FxEnabled":false},"in2DMode":false,"pivot":{"x":-0.0011790774296969176,"y":0.00019690580666065216,"z":0.0006051524542272091},"rotation":{"x":0.4863741993904114,"y":-0.24169819056987763,"z":0.14202237129211427,"w":0.8276078104972839},"size":0.006186007522046566,"orthographic":false}