{"cameraMode":{"drawMode":0,"name":"Shaded","section":"Shading Mode"},"sceneLighting":false,"audioPlay":false,"sceneViewState":{"showFog":true,"showMaterialUpdate":false,"showSkybox":false,"showFlares":true,"showImageEffects":true,"showParticleSystems":true,"showVisualEffectGraphs":true,"m_FxEnabled":false},"in2DMode":false,"pivot":{"x":-0.0011790776625275612,"y":-0.0000016754493117332459,"z":0.0003000358119606972},"rotation":{"x":0.16638438403606416,"y":0.8033556938171387,"z":-0.26338574290275576,"w":0.5075137615203857},"size":6.855584621429443,"orthographic":false}